年份,年份乙,干支,生肖,朝代甲,朝代乙,朝代丙,在位皇帝甲,在位皇帝乙,在位皇帝丙,在位皇帝丁,年号甲,年号乙,年号丙
公元前七百七十年,-770,辛未,羊,周朝,东周,春秋,东周平王姬宜臼,,,,平王元年,,
公元前七百六十九年,-769,壬申,猴,周朝,东周,春秋,东周平王姬宜臼,,,,平王二年,,
公元前七百六十八年,-768,癸酉,鸡,周朝,东周,春秋,东周平王姬宜臼,,,,平王三年,,
公元前七百六十七年,-767,甲戌,狗,周朝,东周,春秋,东周平王姬宜臼,,,,平王四年,,
公元前七百六十六年,-766,乙亥,猪,周朝,东周,春秋,东周平王姬宜臼,,,,平王五年,,
公元前七百六十五年,-765,丙子,鼠,周朝,东周,春秋,东周平王姬宜臼,,,,平王六年,,
公元前七百六十四年,-764,丁丑,牛,周朝,东周,春秋,东周平王姬宜臼,,,,平王七年,,
公元前七百六十三年,-763,戊寅,虎,周朝,东周,春秋,东周平王姬宜臼,,,,平王八年,,
公元前七百六十二年,-762,己卯,兔,周朝,东周,春秋,东周平王姬宜臼,,,,平王九年,,
公元前七百六十一年,-761,庚辰,龙,周朝,东周,春秋,东周平王姬宜臼,,,,平王十年,,
公元前七百六十年,-760,辛巳,蛇,周朝,东周,春秋,东周平王姬宜臼,,,,平王十一年,,
公元前七百五十九年,-759,壬午,马,周朝,东周,春秋,东周平王姬宜臼,,,,平王十二年,,
公元前七百五十八年,-758,癸未,羊,周朝,东周,春秋,东周平王姬宜臼,,,,平王十三年,,
公元前七百五十七年,-757,甲申,猴,周朝,东周,春秋,东周平王姬宜臼,,,,平王十四年,,
公元前七百五十六年,-756,乙酉,鸡,周朝,东周,春秋,东周平王姬宜臼,,,,平王十五年,,
公元前七百五十五年,-755,丙戌,狗,周朝,东周,春秋,东周平王姬宜臼,,,,平王十六年,,
公元前七百五十四年,-754,丁亥,猪,周朝,东周,春秋,东周平王姬宜臼,,,,平王十七年,,
公元前七百五十三年,-753,戊子,鼠,周朝,东周,春秋,东周平王姬宜臼,,,,平王十八年,,
公元前七百五十二年,-752,己丑,牛,周朝,东周,春秋,东周平王姬宜臼,,,,平王十九年,,
公元前七百五十一年,-751,庚寅,虎,周朝,东周,春秋,东周平王姬宜臼,,,,平王二十年,,
公元前七百五十年,-750,辛卯,兔,周朝,东周,春秋,东周平王姬宜臼,,,,平王二十一年,,
公元前七百四十九年,-749,壬辰,龙,周朝,东周,春秋,东周平王姬宜臼,,,,平王二十二年,,
公元前七百四十八年,-748,癸巳,蛇,周朝,东周,春秋,东周平王姬宜臼,,,,平王二十三年,,
公元前七百四十七年,-747,甲午,马,周朝,东周,春秋,东周平王姬宜臼,,,,平王二十四年,,
公元前七百四十六年,-746,乙未,羊,周朝,东周,春秋,东周平王姬宜臼,,,,平王二十五年,,
公元前七百四十五年,-745,丙申,猴,周朝,东周,春秋,东周平王姬宜臼,,,,平王二十六年,,
公元前七百四十四年,-744,丁酉,鸡,周朝,东周,春秋,东周平王姬宜臼,,,,平王二十七年,,
公元前七百四十三年,-743,戊戌,狗,周朝,东周,春秋,东周平王姬宜臼,,,,平王二十八年,,
公元前七百四十二年,-742,己亥,猪,周朝,东周,春秋,东周平王姬宜臼,,,,平王二十九年,,
公元前七百四十一年,-741,庚子,鼠,周朝,东周,春秋,东周平王姬宜臼,,,,平王三十年,,
公元前七百四十年,-740,辛丑,牛,周朝,东周,春秋,东周平王姬宜臼,,,,平王三十一年,,
公元前七百三十九年,-739,壬寅,虎,周朝,东周,春秋,东周平王姬宜臼,,,,平王三十二年,,
公元前七百三十八年,-738,癸卯,兔,周朝,东周,春秋,东周平王姬宜臼,,,,平王三十三年,,
公元前七百三十七年,-737,甲辰,龙,周朝,东周,春秋,东周平王姬宜臼,,,,平王三十四年,,
公元前七百三十六年,-736,乙巳,蛇,周朝,东周,春秋,东周平王姬宜臼,,,,平王三十五年,,
公元前七百三十五年,-735,丙午,马,周朝,东周,春秋,东周平王姬宜臼,,,,平王三十六年,,
公元前七百三十四年,-734,丁未,羊,周朝,东周,春秋,东周平王姬宜臼,,,,平王三十七年,,
公元前七百三十三年,-733,戊申,猴,周朝,东周,春秋,东周平王姬宜臼,,,,平王三十八年,,
公元前七百三十二年,-732,己酉,鸡,周朝,东周,春秋,东周平王姬宜臼,,,,平王三十九年,,
公元前七百三十一年,-731,庚戌,狗,周朝,东周,春秋,东周平王姬宜臼,,,,平王四十年,,
公元前七百三十年,-730,辛亥,猪,周朝,东周,春秋,东周平王姬宜臼,,,,平王四十一年,,
公元前七百二十九年,-729,壬子,鼠,周朝,东周,春秋,东周平王姬宜臼,,,,平王四十二年,,
公元前七百二十八年,-728,癸丑,牛,周朝,东周,春秋,东周平王姬宜臼,,,,平王四十三年,,
公元前七百二十七年,-727,甲寅,虎,周朝,东周,春秋,东周平王姬宜臼,,,,平王四十四年,,
公元前七百二十六年,-726,乙卯,兔,周朝,东周,春秋,东周平王姬宜臼,,,,平王四十五年,,
公元前七百二十五年,-725,丙辰,龙,周朝,东周,春秋,东周平王姬宜臼,,,,平王四十六年,,
公元前七百二十四年,-724,丁巳,蛇,周朝,东周,春秋,东周平王姬宜臼,,,,平王四十七年,,
公元前七百二十三年,-723,戊午,马,周朝,东周,春秋,东周平王姬宜臼,,,,平王四十八年,,
公元前七百二十二年,-722,己未,羊,周朝,东周,春秋,东周平王姬宜臼,,,,平王四十九年,,
公元前七百二十一年,-721,庚申,猴,周朝,东周,春秋,东周平王姬宜臼,,,,平王五十年,,
公元前七百二十年,-720,辛酉,鸡,周朝,东周,春秋,东周平王姬宜臼,,,,平王五十一年,,
公元前七百一十九年,-719,壬戌,狗,周朝,东周,春秋,东周桓王姬林,,,,桓王元年,,
公元前七百一十八年,-718,癸亥,猪,周朝,东周,春秋,东周桓王姬林,,,,桓王二年,,
公元前七百一十七年,-717,甲子,鼠,周朝,东周,春秋,东周桓王姬林,,,,桓王三年,,
公元前七百一十六年,-716,乙丑,牛,周朝,东周,春秋,东周桓王姬林,,,,桓王四年,,
公元前七百一十五年,-715,丙寅,虎,周朝,东周,春秋,东周桓王姬林,,,,桓王五年,,
公元前七百一十四年,-714,丁卯,兔,周朝,东周,春秋,东周桓王姬林,,,,桓王六年,,
公元前七百一十三年,-713,戊辰,龙,周朝,东周,春秋,东周桓王姬林,,,,桓王七年,,
公元前七百一十二年,-712,己巳,蛇,周朝,东周,春秋,东周桓王姬林,,,,桓王八年,,
公元前七百一十一年,-711,庚午,马,周朝,东周,春秋,东周桓王姬林,,,,桓王九年,,
公元前七百一十年,-710,辛未,羊,周朝,东周,春秋,东周桓王姬林,,,,桓王十年,,
公元前七百零九年,-709,壬申,猴,周朝,东周,春秋,东周桓王姬林,,,,桓王十一年,,
公元前七百零八年,-708,癸酉,鸡,周朝,东周,春秋,东周桓王姬林,,,,桓王十二年,,
公元前七百零七年,-707,甲戌,狗,周朝,东周,春秋,东周桓王姬林,,,,桓王十三年,,
公元前七百零六年,-706,乙亥,猪,周朝,东周,春秋,东周桓王姬林,,,,桓王十四年,,
公元前七百零五年,-705,丙子,鼠,周朝,东周,春秋,东周桓王姬林,,,,桓王十五年,,
公元前七百零四年,-704,丁丑,牛,周朝,东周,春秋,东周桓王姬林,,,,桓王十六年,,
公元前七百零三年,-703,戊寅,虎,周朝,东周,春秋,东周桓王姬林,,,,桓王十七年,,
公元前七百零二年,-702,己卯,兔,周朝,东周,春秋,东周桓王姬林,,,,桓王十八年,,
公元前七百零一年,-701,庚辰,龙,周朝,东周,春秋,东周桓王姬林,,,,桓王十九年,,
公元前七百年,-700,辛巳,蛇,周朝,东周,春秋,东周桓王姬林,,,,桓王二十年,,
公元前六百九十九年,-699,壬午,马,周朝,东周,春秋,东周桓王姬林,,,,桓王二十一年,,
公元前六百九十八年,-698,癸未,羊,周朝,东周,春秋,东周桓王姬林,,,,桓王二十二年,,
公元前六百九十七年,-697,甲申,猴,周朝,东周,春秋,东周桓王姬林,,,,桓王二十三年,,
公元前六百九十六年,-696,乙酉,鸡,周朝,东周,春秋,东周庄王姬佗,,,,庄王元年,,
公元前六百九十五年,-695,丙戌,狗,周朝,东周,春秋,东周庄王姬佗,,,,庄王二年,,
公元前六百九十四年,-694,丁亥,猪,周朝,东周,春秋,东周庄王姬佗,,,,庄王三年,,
公元前六百九十三年,-693,戊子,鼠,周朝,东周,春秋,东周庄王姬佗,,,,庄王四年,庄公元年,
公元前六百九十二年,-692,己丑,牛,周朝,东周,春秋,东周庄王姬佗,,,,庄王五年,庄公二年,
公元前六百九十一年,-691,庚寅,虎,周朝,东周,春秋,东周庄王姬佗,,,,庄王六年,庄公三年,
公元前六百九十年,-690,辛卯,兔,周朝,东周,春秋,东周庄王姬佗,,,,庄王七年,庄公四年,
公元前六百八十九年,-689,壬辰,龙,周朝,东周,春秋,东周庄王姬佗,,,,庄王八年,庄公五年,
公元前六百八十八年,-688,癸巳,蛇,周朝,东周,春秋,东周庄王姬佗,,,,庄王九年,庄公六年,
公元前六百八十七年,-687,甲午,马,周朝,东周,春秋,东周庄王姬佗,,,,庄王十年,庄公七年,
公元前六百八十六年,-686,乙未,羊,周朝,东周,春秋,东周庄王姬佗,,,,庄王十一年,庄公八年,
公元前六百八十五年,-685,丙申,猴,周朝,东周,春秋,东周庄王姬佗,,,,庄王十二年,庄公九年,
公元前六百八十四年,-684,丁酉,鸡,周朝,东周,春秋,东周庄王姬佗,,,,庄王十三年,庄公十年,
公元前六百八十三年,-683,戊戌,狗,周朝,东周,春秋,东周庄王姬佗,,,,庄王十四年,庄公十一年,
公元前六百八十二年,-682,己亥,猪,周朝,东周,春秋,东周庄王姬佗,,,,庄王十五年,庄公十二年,
公元前六百八十一年,-681,庚子,鼠,周朝,东周,春秋,东周釐王姬胡齐,,,,釐王元年,庄公十三年,
公元前六百八十年,-680,辛丑,牛,周朝,东周,春秋,东周釐王姬胡齐,,,,釐王二年,庄公十四年,
公元前六百七十九年,-679,壬寅,虎,周朝,东周,春秋,东周釐王姬胡齐,,,,釐王三年,庄公十五年,
公元前六百七十八年,-678,癸卯,兔,周朝,东周,春秋,东周釐王姬胡齐,,,,釐王四年,庄公十六年,
公元前六百七十七年,-677,甲辰,龙,周朝,东周,春秋,东周釐王姬胡齐,,,,釐王五年,庄公十七年,
公元前六百七十六年,-676,乙巳,蛇,周朝,东周,春秋,东周惠王姬阆,,,,惠王元年,庄公十八年,献公元年
公元前六百七十五年,-675,丙午,马,周朝,东周,春秋,东周惠王姬阆,,,,惠王二年,庄公十九年,献公二年
公元前六百七十四年,-674,丁未,羊,周朝,东周,春秋,东周惠王姬阆,,,,惠王三年,庄公二十年,献公三年
公元前六百七十三年,-673,戊申,猴,周朝,东周,春秋,东周惠王姬阆,,,,惠王四年,庄公二十一年,献公四年
公元前六百七十二年,-672,己酉,鸡,周朝,东周,春秋,东周惠王姬阆,,,,惠王五年,庄公二十二年,献公五年
公元前六百七十一年,-671,庚戌,狗,周朝,东周,春秋,东周惠王姬阆,,,,惠王六年,庄公二十三年,献公六年
公元前六百七十年,-670,辛亥,猪,周朝,东周,春秋,东周惠王姬阆,,,,惠王七年,庄公二十四年,献公七年
公元前六百六十九年,-669,壬子,鼠,周朝,东周,春秋,东周惠王姬阆,,,,惠王八年,庄公二十五年,献公八年
公元前六百六十八年,-668,癸丑,牛,周朝,东周,春秋,东周惠王姬阆,,,,惠王九年,庄公二十六年,献公九年
公元前六百六十七年,-667,甲寅,虎,周朝,东周,春秋,东周惠王姬阆,,,,惠王十年,献公十年,
公元前六百六十六年,-666,乙卯,兔,周朝,东周,春秋,东周惠王姬阆,,,,惠王十一年,献公十一年,
公元前六百六十五年,-665,丙辰,龙,周朝,东周,春秋,东周惠王姬阆,,,,惠王十二年,献公十二年,
公元前六百六十四年,-664,丁巳,蛇,周朝,东周,春秋,东周惠王姬阆,,,,惠王十三年,献公十三年,
公元前六百六十三年,-663,戊午,马,周朝,东周,春秋,东周惠王姬阆,,,,惠王十四年,献公十四年,
公元前六百六十二年,-662,己未,羊,周朝,东周,春秋,东周惠王姬阆,,,,惠王十五年,献公十五年,
公元前六百六十一年,-661,庚申,猴,周朝,东周,春秋,东周惠王姬阆,,,,惠王十六年,献公十六年,
公元前六百六十年,-660,辛酉,鸡,周朝,东周,春秋,东周惠王姬阆,,,,惠王十七年,献公十七年,
公元前六百五十九年,-659,壬戌,狗,周朝,东周,春秋,东周惠王姬阆,,,,惠王十八年,献公十八年,
公元前六百五十八年,-658,癸亥,猪,周朝,东周,春秋,东周惠王姬阆,,,,惠王十九年,献公十九年,
公元前六百五十七年,-657,甲子,鼠,周朝,东周,春秋,东周惠王姬阆,,,,惠王二十年,,
公元前六百五十六年,-656,乙丑,牛,周朝,东周,春秋,东周惠王姬阆,,,,惠王二十一年,,
公元前六百五十五年,-655,丙寅,虎,周朝,东周,春秋,东周惠王姬阆,,,,惠王二十二年,,
公元前六百五十四年,-654,丁卯,兔,周朝,东周,春秋,东周惠王姬阆,,,,惠王二十三年,,
公元前六百五十三年,-653,戊辰,龙,周朝,东周,春秋,东周惠王姬阆,,,,惠王二十四年,,
公元前六百五十二年,-652,己巳,蛇,周朝,东周,春秋,东周惠王姬阆,,,,惠王二十五年,,
公元前六百五十一年,-651,庚午,马,周朝,东周,春秋,东周襄王姬郑,,,,襄王元年,,
公元前六百五十年,-650,辛未,羊,周朝,东周,春秋,东周襄王姬郑,,,,襄王二年,,
公元前六百四十九年,-649,壬申,猴,周朝,东周,春秋,东周襄王姬郑,,,,襄王三年,,
公元前六百四十八年,-648,癸酉,鸡,周朝,东周,春秋,东周襄王姬郑,,,,襄王四年,,
公元前六百四十七年,-647,甲戌,狗,周朝,东周,春秋,东周襄王姬郑,,,,襄王五年,,
公元前六百四十六年,-646,乙亥,猪,周朝,东周,春秋,东周襄王姬郑,,,,襄王六年,,
公元前六百四十五年,-645,丙子,鼠,周朝,东周,春秋,东周襄王姬郑,,,,襄王七年,,
公元前六百四十四年,-644,丁丑,牛,周朝,东周,春秋,东周襄王姬郑,,,,襄王八年,,
公元前六百四十三年,-643,戊寅,虎,周朝,东周,春秋,东周襄王姬郑,,,,襄王九年,,
公元前六百四十二年,-642,己卯,兔,周朝,东周,春秋,东周襄王姬郑,,,,襄王十年,,
公元前六百四十一年,-641,庚辰,龙,周朝,东周,春秋,东周襄王姬郑,,,,襄王十一年,,
公元前六百四十年,-640,辛巳,蛇,周朝,东周,春秋,东周襄王姬郑,,,,襄王十二年,,
公元前六百三十九年,-639,壬午,马,周朝,东周,春秋,东周襄王姬郑,,,,襄王十三年,,
公元前六百三十八年,-638,癸未,羊,周朝,东周,春秋,东周襄王姬郑,,,,襄王十四年,,
公元前六百三十七年,-637,甲申,猴,周朝,东周,春秋,东周襄王姬郑,,,,襄王十五年,,
公元前六百三十六年,-636,乙酉,鸡,周朝,东周,春秋,东周襄王姬郑,,,,襄王十六年,,
公元前六百三十五年,-635,丙戌,狗,周朝,东周,春秋,东周襄王姬郑,,,,襄王十七年,,
公元前六百三十四年,-634,丁亥,猪,周朝,东周,春秋,东周襄王姬郑,,,,襄王十八年,,
公元前六百三十三年,-633,戊子,鼠,周朝,东周,春秋,东周襄王姬郑,,,,襄王十九年,,
公元前六百三十二年,-632,己丑,牛,周朝,东周,春秋,东周襄王姬郑,,,,襄王二十年,,
公元前六百三十一年,-631,庚寅,虎,周朝,东周,春秋,东周襄王姬郑,,,,襄王二十一年,,
公元前六百三十年,-630,辛卯,兔,周朝,东周,春秋,东周襄王姬郑,,,,襄王二十二年,,
公元前六百二十九年,-629,壬辰,龙,周朝,东周,春秋,东周襄王姬郑,,,,襄王二十三年,,
公元前六百二十八年,-628,癸巳,蛇,周朝,东周,春秋,东周襄王姬郑,,,,襄王二十四年,,
公元前六百二十七年,-627,甲午,马,周朝,东周,春秋,东周襄王姬郑,,,,襄王二十五年,,
公元前六百二十六年,-626,乙未,羊,周朝,东周,春秋,东周襄王姬郑,,,,襄王二十六年,文公元年,
公元前六百二十五年,-625,丙申,猴,周朝,东周,春秋,东周襄王姬郑,,,,襄王二十七年,文公二年,
公元前六百二十四年,-624,丁酉,鸡,周朝,东周,春秋,东周襄王姬郑,,,,襄王二十八年,文公三年,
公元前六百二十三年,-623,戊戌,狗,周朝,东周,春秋,东周襄王姬郑,,,,襄王二十九年,文公四年,
公元前六百二十二年,-622,己亥,猪,周朝,东周,春秋,东周襄王姬郑,,,,襄王三十年,文公五年,
公元前六百二十一年,-621,庚子,鼠,周朝,东周,春秋,东周襄王姬郑,,,,襄王三十一年,文公六年,
公元前六百二十年,-620,辛丑,牛,周朝,东周,春秋,东周襄王姬郑,,,,襄王三十二年,文公七年,
公元前六百一十九年,-619,壬寅,虎,周朝,东周,春秋,东周襄王姬郑,,,,襄王三十三年,文公八年,
公元前六百一十八年,-618,癸卯,兔,周朝,东周,春秋,东周顷王姬壬臣,,,,顷王元年,文公九年,
公元前六百一十七年,-617,甲辰,龙,周朝,东周,春秋,东周顷王姬壬臣,,,,顷王二年,文公十年,
公元前六百一十六年,-616,乙巳,蛇,周朝,东周,春秋,东周顷王姬壬臣,,,,顷王三年,文公十一年,
公元前六百一十五年,-615,丙午,马,周朝,东周,春秋,东周顷王姬壬臣,,,,顷王四年,文公十二年,
公元前六百一十四年,-614,丁未,羊,周朝,东周,春秋,东周顷王姬壬臣,,,,顷王五年,文公十三年,
公元前六百一十三年,-613,戊申,猴,周朝,东周,春秋,东周顷王姬壬臣,,,,顷王六年,,
公元前六百一十二年,-612,己酉,鸡,周朝,东周,春秋,东周匡王姬班,,,,匡王元年,,
公元前六百一十一年,-611,庚戌,狗,周朝,东周,春秋,东周匡王姬班,,,,匡王二年,,
公元前六百一十年,-610,辛亥,猪,周朝,东周,春秋,东周匡王姬班,,,,匡王三年,,
公元前六百零九年,-609,壬子,鼠,周朝,东周,春秋,东周匡王姬班,,,,匡王四年,,
公元前六百零八年,-608,癸丑,牛,周朝,东周,春秋,东周匡王姬班,,,,匡王五年,宣公元年,
公元前六百零七年,-607,甲寅,虎,周朝,东周,春秋,东周匡王姬班,,,,匡王六年,宣公二年,
公元前六百零六年,-606,乙卯,兔,周朝,东周,春秋,东周定王姬瑜,,,,定王元年,宣公三年,
公元前六百零五年,-605,丙辰,龙,周朝,东周,春秋,东周定王姬瑜,,,,定王二年,宣公四年,
公元前六百零四年,-604,丁巳,蛇,周朝,东周,春秋,东周定王姬瑜,,,,定王三年,宣公五年,
公元前六百零三年,-603,戊午,马,周朝,东周,春秋,东周定王姬瑜,,,,定王四年,宣公六年,
公元前六百零二年,-602,己未,羊,周朝,东周,春秋,东周定王姬瑜,,,,定王五年,宣公七年,
公元前六百零一年,-601,庚申,猴,周朝,东周,春秋,东周定王姬瑜,,,,定王六年,宣公八年,
公元前六百年,-600,辛酉,鸡,周朝,东周,春秋,东周定王姬瑜,,,,定王七年,宣公九年,
公元前五百九十九年,-599,壬戌,狗,周朝,东周,春秋,东周定王姬瑜,,,,定王八年,宣公十年,
公元前五百九十八年,-598,癸亥,猪,周朝,东周,春秋,东周定王姬瑜,,,,定王九年,,
公元前五百九十七年,-597,甲子,鼠,周朝,东周,春秋,东周定王姬瑜,,,,定王十年,,
公元前五百九十六年,-596,乙丑,牛,周朝,东周,春秋,东周定王姬瑜,,,,定王十一年,,
公元前五百九十五年,-595,丙寅,虎,周朝,东周,春秋,东周定王姬瑜,,,,定王十二年,,
公元前五百九十四年,-594,丁卯,兔,周朝,东周,春秋,东周定王姬瑜,,,,定王十三年,,
公元前五百九十三年,-593,戊辰,龙,周朝,东周,春秋,东周定王姬瑜,,,,定王十四年,,
公元前五百九十二年,-592,己巳,蛇,周朝,东周,春秋,东周定王姬瑜,,,,定王十五年,,
公元前五百九十一年,-591,庚午,马,周朝,东周,春秋,东周定王姬瑜,,,,定王十六年,,
公元前五百九十年,-590,辛未,羊,周朝,东周,春秋,东周定王姬瑜,,,,定王十七年,,
公元前五百八十九年,-589,壬申,猴,周朝,东周,春秋,东周定王姬瑜,,,,定王十八年,,
公元前五百八十八年,-588,癸酉,鸡,周朝,东周,春秋,东周定王姬瑜,,,,定王十九年,,
公元前五百八十七年,-587,甲戌,狗,周朝,东周,春秋,东周定王姬瑜,,,,定王二十年,,
公元前五百八十六年,-586,乙亥,猪,周朝,东周,春秋,东周简王姬夷,东周定王姬瑜,,,定王二十一年,,
公元前五百八十五年,-585,丙子,鼠,周朝,东周,春秋,东周简王姬夷,,,,简王元年,,
公元前五百八十四年,-584,丁丑,牛,周朝,东周,春秋,东周简王姬夷,,,,简王二年,,
公元前五百八十三年,-583,戊寅,虎,周朝,东周,春秋,东周简王姬夷,,,,简王三年,,
公元前五百八十二年,-582,己卯,兔,周朝,东周,春秋,东周简王姬夷,,,,简王四年,,
公元前五百八十一年,-581,庚辰,龙,周朝,东周,春秋,东周简王姬夷,,,,简王五年,,
公元前五百八十年,-580,辛巳,蛇,周朝,东周,春秋,东周简王姬夷,,,,简王六年,,
公元前五百七十九年,-579,壬午,马,周朝,东周,春秋,东周简王姬夷,,,,简王七年,,
公元前五百七十八年,-578,癸未,羊,周朝,东周,春秋,东周简王姬夷,,,,简王八年,,
公元前五百七十七年,-577,甲申,猴,周朝,东周,春秋,东周简王姬夷,,,,简王九年,,
公元前五百七十六年,-576,乙酉,鸡,周朝,东周,春秋,东周简王姬夷,,,,简王十年,,
公元前五百七十五年,-575,丙戌,狗,周朝,东周,春秋,东周简王姬夷,,,,简王十一年,,
公元前五百七十四年,-574,丁亥,猪,周朝,东周,春秋,东周简王姬夷,,,,简王十二年,,
公元前五百七十三年,-573,戊子,鼠,周朝,东周,春秋,东周简王姬夷,,,,简王十三年,,
公元前五百七十二年,-572,己丑,牛,周朝,东周,春秋,东周灵王姬泄心,东周简王姬夷,,,简王十四年,襄公元年,
公元前五百七十一年,-571,庚寅,虎,周朝,东周,春秋,东周灵王姬泄心,,,,灵王元年,襄公二年,
公元前五百七十年,-570,辛卯,兔,周朝,东周,春秋,东周灵王姬泄心,,,,灵王二年,襄公三年,
公元前五百六十九年,-569,壬辰,龙,周朝,东周,春秋,东周灵王姬泄心,,,,灵王三年,襄公四年,
公元前五百六十八年,-568,癸巳,蛇,周朝,东周,春秋,东周灵王姬泄心,,,,灵王四年,襄公五年,
公元前五百六十七年,-567,甲午,马,周朝,东周,春秋,东周灵王姬泄心,,,,灵王五年,襄公六年,
公元前五百六十六年,-566,乙未,羊,周朝,东周,春秋,东周灵王姬泄心,,,,灵王六年,襄公七年,
公元前五百六十五年,-565,丙申,猴,周朝,东周,春秋,东周灵王姬泄心,,,,灵王七年,襄公八年,
公元前五百六十四年,-564,丁酉,鸡,周朝,东周,春秋,东周灵王姬泄心,,,,灵王八年,襄公九年,
公元前五百六十三年,-563,戊戌,狗,周朝,东周,春秋,东周灵王姬泄心,,,,灵王九年,襄公十年,
公元前五百六十二年,-562,己亥,猪,周朝,东周,春秋,东周灵王姬泄心,,,,灵王十年,襄公十一年,
公元前五百六十一年,-561,庚子,鼠,周朝,东周,春秋,东周灵王姬泄心,,,,灵王十一年,襄公十二年,
公元前五百六十年,-560,辛丑,牛,周朝,东周,春秋,东周灵王姬泄心,,,,灵王十二年,襄公十三年,
公元前五百五十九年,-559,壬寅,虎,周朝,东周,春秋,东周灵王姬泄心,,,,灵王十三年,襄公十四年,
公元前五百五十八年,-558,癸卯,兔,周朝,东周,春秋,东周灵王姬泄心,,,,灵王十四年,襄公十五年,
公元前五百五十七年,-557,甲辰,龙,周朝,东周,春秋,东周灵王姬泄心,,,,灵王十五年,襄公十六年,
公元前五百五十六年,-556,乙巳,蛇,周朝,东周,春秋,东周灵王姬泄心,,,,灵王十六年,襄公十七年,
公元前五百五十五年,-555,丙午,马,周朝,东周,春秋,东周灵王姬泄心,,,,灵王十七年,襄公十八年,
公元前五百五十四年,-554,丁未,羊,周朝,东周,春秋,东周灵王姬泄心,,,,灵王十八年,襄公十九年,
公元前五百五十三年,-553,戊申,猴,周朝,东周,春秋,东周灵王姬泄心,,,,灵王十九年,襄公二十年,
公元前五百五十二年,-552,己酉,鸡,周朝,东周,春秋,东周灵王姬泄心,,,,灵王二十年,襄公二十一年,
公元前五百五十一年,-551,庚戌,狗,周朝,东周,春秋,东周灵王姬泄心,,,,灵王二十一年,襄公二十二年,
公元前五百五十年,-550,辛亥,猪,周朝,东周,春秋,东周灵王姬泄心,,,,灵王二十二年,,
公元前五百四十九年,-549,壬子,鼠,周朝,东周,春秋,东周灵王姬泄心,,,,灵王二十三年,,
公元前五百四十八年,-548,癸丑,牛,周朝,东周,春秋,东周灵王姬泄心,,,,灵王二十四年,,
公元前五百四十七年,-547,甲寅,虎,周朝,东周,春秋,东周灵王姬泄心,,,,灵王二十五年,,
公元前五百四十六年,-546,乙卯,兔,周朝,东周,春秋,东周灵王姬泄心,,,,灵王二十六年,,
公元前五百四十五年,-545,丙辰,龙,周朝,东周,春秋,东周景王姬贵,东周灵王姬泄心,,,灵王二十七年,,
公元前五百四十四年,-544,丁巳,蛇,周朝,东周,春秋,东周景王姬贵,,,,景王元年,,
公元前五百四十三年,-543,戊午,马,周朝,东周,春秋,东周景王姬贵,,,,景王二年,,
公元前五百四十二年,-542,己未,羊,周朝,东周,春秋,东周景王姬贵,,,,景王三年,,
公元前五百四十一年,-541,庚申,猴,周朝,东周,春秋,东周景王姬贵,,,,景王四年,,
公元前五百四十年,-540,辛酉,鸡,周朝,东周,春秋,东周景王姬贵,,,,景王五年,,
公元前五百三十九年,-539,壬戌,狗,周朝,东周,春秋,东周景王姬贵,,,,景王六年,,
公元前五百三十八年,-538,癸亥,猪,周朝,东周,春秋,东周景王姬贵,,,,景王七年,,
公元前五百三十七年,-537,甲子,鼠,周朝,东周,春秋,东周景王姬贵,,,,景王八年,,
公元前五百三十六年,-536,乙丑,牛,周朝,东周,春秋,东周景王姬贵,,,,景王九年,,
公元前五百三十五年,-535,丙寅,虎,周朝,东周,春秋,东周景王姬贵,,,,景王十年,,
公元前五百三十四年,-534,丁卯,兔,周朝,东周,春秋,东周景王姬贵,,,,景王十一年,,
公元前五百三十三年,-533,戊辰,龙,周朝,东周,春秋,东周景王姬贵,,,,景王十二年,,
公元前五百三十二年,-532,己巳,蛇,周朝,东周,春秋,东周景王姬贵,,,,景王十三年,,
公元前五百三十一年,-531,庚午,马,周朝,东周,春秋,东周景王姬贵,,,,景王十四年,,
公元前五百三十年,-530,辛未,羊,周朝,东周,春秋,东周景王姬贵,,,,景王十五年,,
公元前五百二十九年,-529,壬申,猴,周朝,东周,春秋,东周景王姬贵,,,,景王十六年,,
公元前五百二十八年,-528,癸酉,鸡,周朝,东周,春秋,东周景王姬贵,,,,景王十七年,,
公元前五百二十七年,-527,甲戌,狗,周朝,东周,春秋,东周景王姬贵,,,,景王十八年,,
公元前五百二十六年,-526,乙亥,猪,周朝,东周,春秋,东周景王姬贵,,,,景王十九年,,
公元前五百二十五年,-525,丙子,鼠,周朝,东周,春秋,东周景王姬贵,,,,景王二十年,,
公元前五百二十四年,-524,丁丑,牛,周朝,东周,春秋,东周景王姬贵,,,,景王二十一年,,
公元前五百二十三年,-523,戊寅,虎,周朝,东周,春秋,东周景王姬贵,,,,景王二十二年,,
公元前五百二十二年,-522,己卯,兔,周朝,东周,春秋,东周景王姬贵,,,,景王二十三年,,
公元前五百二十一年,-521,庚辰,龙,周朝,东周,春秋,东周景王姬贵,,,,景王二十四年,,
公元前五百二十年,-520,辛巳,蛇,周朝,东周,春秋,东周景王敬王,东周悼王姬猛,东周景王姬贵,,景王二十五年,,
公元前五百一十九年,-519,壬午,马,周朝,东周,春秋,东周敬王姬匄,,,,敬王元年,,
公元前五百一十八年,-518,癸未,羊,周朝,东周,春秋,东周敬王姬匄,,,,敬王二年,,
公元前五百一十七年,-517,甲申,猴,周朝,东周,春秋,东周敬王姬匄,,,,敬王三年,,
公元前五百一十六年,-516,乙酉,鸡,周朝,东周,春秋,东周敬王姬匄,,,,敬王四年,,
公元前五百一十五年,-515,丙戌,狗,周朝,东周,春秋,东周敬王姬匄,,,,敬王五年,,
公元前五百一十四年,-514,丁亥,猪,周朝,东周,春秋,东周敬王姬匄,,,,敬王六年,,
公元前五百一十三年,-513,戊子,鼠,周朝,东周,春秋,东周敬王姬匄,,,,敬王七年,,
公元前五百一十二年,-512,己丑,牛,周朝,东周,春秋,东周敬王姬匄,,,,敬王八年,,
公元前五百一十一年,-511,庚寅,虎,周朝,东周,春秋,东周敬王姬匄,,,,敬王九年,,
公元前五百一十年,-510,辛卯,兔,周朝,东周,春秋,东周敬王姬匄,,,,敬王十年,,
公元前五百零九年,-509,壬辰,龙,周朝,东周,春秋,东周敬王姬匄,,,,敬王十一年,定公元年,
公元前五百零八年,-508,癸巳,蛇,周朝,东周,春秋,东周敬王姬匄,,,,敬王十二年,定公二年,
公元前五百零七年,-507,甲午,马,周朝,东周,春秋,东周敬王姬匄,,,,敬王十三年,定公三年,
公元前五百零六年,-506,乙未,羊,周朝,东周,春秋,东周敬王姬匄,,,,敬王十四年,定公四年,
公元前五百零五年,-505,丙申,猴,周朝,东周,春秋,东周敬王姬匄,,,,敬王十五年,定公五年,
公元前五百零四年,-504,丁酉,鸡,周朝,东周,春秋,东周敬王姬匄,,,,敬王十六年,定公六年,
公元前五百零三年,-503,戊戌,狗,周朝,东周,春秋,东周敬王姬匄,,,,敬王十七年,定公七年,
公元前五百零二年,-502,己亥,猪,周朝,东周,春秋,东周敬王姬匄,,,,敬王十八年,定公八年,
公元前五百零一年,-501,庚子,鼠,周朝,东周,春秋,东周敬王姬匄,,,,敬王十九年,,
公元前五百年,-500,辛丑,牛,周朝,东周,春秋,东周敬王姬匄,,,,敬王二十年,,
公元前四百九十九年,-499,壬寅,虎,周朝,东周,春秋,东周敬王姬匄,,,,敬王二十一年,,
公元前四百九十八年,-498,癸卯,兔,周朝,东周,春秋,东周敬王姬匄,,,,敬王二十二年,,
公元前四百九十七年,-497,甲辰,龙,周朝,东周,春秋,东周敬王姬匄,,,,敬王二十三年,,
公元前四百九十六年,-496,乙巳,蛇,周朝,东周,春秋,东周敬王姬匄,,,,敬王二十四年,,
公元前四百九十五年,-495,丙午,马,周朝,东周,春秋,东周敬王姬匄,,,,敬王二十五年,,
公元前四百九十四年,-494,丁未,羊,周朝,东周,春秋,东周敬王姬匄,,,,敬王二十六年,,
公元前四百九十三年,-493,戊申,猴,周朝,东周,春秋,东周敬王姬匄,,,,敬王二十七年,,
公元前四百九十二年,-492,己酉,鸡,周朝,东周,春秋,东周敬王姬匄,,,,敬王二十八年,,
公元前四百九十一年,-491,庚戌,狗,周朝,东周,春秋,东周敬王姬匄,,,,敬王二十九年,,
公元前四百九十年,-490,辛亥,猪,周朝,东周,春秋,东周敬王姬匄,,,,敬王三十年,,
公元前四百八十九年,-489,壬子,鼠,周朝,东周,春秋,东周敬王姬匄,,,,敬王三十一年,,
公元前四百八十八年,-488,癸丑,牛,周朝,东周,春秋,东周敬王姬匄,,,,敬王三十二年,,
公元前四百八十七年,-487,甲寅,虎,周朝,东周,春秋,东周敬王姬匄,,,,敬王三十三年,,
公元前四百八十六年,-486,乙卯,兔,周朝,东周,春秋,东周敬王姬匄,,,,敬王三十四年,,
公元前四百八十五年,-485,丙辰,龙,周朝,东周,春秋,东周敬王姬匄,,,,敬王三十五年,,
公元前四百八十四年,-484,丁巳,蛇,周朝,东周,春秋,东周敬王姬匄,,,,敬王三十六年,,
公元前四百八十三年,-483,戊午,马,周朝,东周,春秋,东周敬王姬匄,,,,敬王三十七年,,
公元前四百八十二年,-482,己未,羊,周朝,东周,春秋,东周敬王姬匄,,,,敬王三十八年,,
公元前四百八十一年,-481,庚申,猴,周朝,东周,春秋,东周敬王姬匄,,,,敬王三十九年,,
公元前四百八十年,-480,辛酉,鸡,周朝,东周,春秋,东周敬王姬匄,,,,敬王四十年,,
公元前四百七十九年,-479,壬戌,狗,周朝,东周,春秋,东周敬王姬匄,,,,敬王四十一年,,
公元前四百七十八年,-478,癸亥,猪,周朝,东周,春秋,东周敬王姬匄,,,,敬王四十二年,,
公元前四百七十七年,-477,甲子,鼠,周朝,东周,春秋,东周敬王姬匄,,,,敬王四十三年,,
公元前四百七十六年,-476,乙丑,牛,周朝,东周,春秋,东周元王姬仁,东周敬王姬匄,,,敬王四十四年,,
公元前四百七十五年,-475,丙寅,虎,周朝,东周,战国,东周元王姬仁,,,,元王元年,,
公元前四百七十四年,-474,丁卯,兔,周朝,东周,战国,东周元王姬仁,,,,元王二年,,
公元前四百七十三年,-473,戊辰,龙,周朝,东周,战国,东周元王姬仁,,,,元王三年,,
公元前四百七十二年,-472,己巳,蛇,周朝,东周,战国,东周元王姬仁,,,,元王四年,,
公元前四百七十一年,-471,庚午,马,周朝,东周,战国,东周元王姬仁,,,,元王五年,,
公元前四百七十年,-470,辛未,羊,周朝,东周,战国,东周元王姬仁,,,,元王六年,,
公元前四百六十九年,-469,壬申,猴,周朝,东周,战国,东周贞定王姬介,东周元王姬仁,,,元王七年,,
公元前四百六十八年,-468,癸酉,鸡,周朝,东周,战国,东周贞定王姬介,,,,贞定王元年,,
公元前四百六十七年,-467,甲戌,狗,周朝,东周,战国,东周贞定王姬介,,,,贞定王二年,,
公元前四百六十六年,-466,乙亥,猪,周朝,东周,战国,东周贞定王姬介,,,,贞定王三年,,
公元前四百六十五年,-465,丙子,鼠,周朝,东周,战国,东周贞定王姬介,,,,贞定王四年,,
公元前四百六十四年,-464,丁丑,牛,周朝,东周,战国,东周贞定王姬介,,,,贞定王五年,,
公元前四百六十三年,-463,戊寅,虎,周朝,东周,战国,东周贞定王姬介,,,,贞定王六年,,
公元前四百六十二年,-462,己卯,兔,周朝,东周,战国,东周贞定王姬介,,,,贞定王七年,,
公元前四百六十一年,-461,庚辰,龙,周朝,东周,战国,东周贞定王姬介,,,,贞定王八年,,
公元前四百六十年,-460,辛巳,蛇,周朝,东周,战国,东周贞定王姬介,,,,贞定王九年,,
公元前四百五十九年,-459,壬午,马,周朝,东周,战国,东周贞定王姬介,,,,贞定王十年,,
公元前四百五十八年,-458,癸未,羊,周朝,东周,战国,东周贞定王姬介,,,,贞定王十一年,,
公元前四百五十七年,-457,甲申,猴,周朝,东周,战国,东周贞定王姬介,,,,贞定王十二年,,
公元前四百五十六年,-456,乙酉,鸡,周朝,东周,战国,东周贞定王姬介,,,,贞定王十三年,,
公元前四百五十五年,-455,丙戌,狗,周朝,东周,战国,东周贞定王姬介,,,,贞定王十四年,,
公元前四百五十四年,-454,丁亥,猪,周朝,东周,战国,东周贞定王姬介,,,,贞定王十五年,,
公元前四百五十三年,-453,戊子,鼠,周朝,东周,战国,东周贞定王姬介,,,,贞定王十六年,,
公元前四百五十二年,-452,己丑,牛,周朝,东周,战国,东周贞定王姬介,,,,贞定王十七年,,
公元前四百五十一年,-451,庚寅,虎,周朝,东周,战国,东周贞定王姬介,,,,贞定王十八年,,
公元前四百五十年,-450,辛卯,兔,周朝,东周,战国,东周贞定王姬介,,,,贞定王十九年,,
公元前四百四十九年,-449,壬辰,龙,周朝,东周,战国,东周贞定王姬介,,,,贞定王二十年,,
公元前四百四十八年,-448,癸巳,蛇,周朝,东周,战国,东周贞定王姬介,,,,贞定王二十一年,,
公元前四百四十七年,-447,甲午,马,周朝,东周,战国,东周贞定王姬介,,,,贞定王二十二年,,
公元前四百四十六年,-446,乙未,羊,周朝,东周,战国,东周贞定王姬介,,,,贞定王二十三年,,
公元前四百四十五年,-445,丙申,猴,周朝,东周,战国,东周贞定王姬介,,,,贞定王二十四年,,
公元前四百四十四年,-444,丁酉,鸡,周朝,东周,战国,东周贞定王姬介,,,,贞定王二十五年,,
公元前四百四十三年,-443,戊戌,狗,周朝,东周,战国,东周贞定王姬介,,,,贞定王二十六年,,
公元前四百四十二年,-442,己亥,猪,周朝,东周,战国,东周贞定王姬介,,,,贞定王二十七年,,
公元前四百四十一年,-441,庚子,鼠,周朝,东周,战国,东周考王姬嵬,东周思王姬叔,东周哀王姬去疾,东周贞定王姬介,贞定王二十八年,,
公元前四百四十年,-440,辛丑,牛,周朝,东周,战国,东周考王姬嵬,,,,考王元年,,
公元前四百三十九年,-439,壬寅,虎,周朝,东周,战国,东周考王姬嵬,,,,考王二年,,
公元前四百三十八年,-438,癸卯,兔,周朝,东周,战国,东周考王姬嵬,,,,考王三年,,
公元前四百三十七年,-437,甲辰,龙,周朝,东周,战国,东周考王姬嵬,,,,考王四年,,
公元前四百三十六年,-436,乙巳,蛇,周朝,东周,战国,东周考王姬嵬,,,,考王五年,,
公元前四百三十五年,-435,丙午,马,周朝,东周,战国,东周考王姬嵬,,,,考王六年,,
公元前四百三十四年,-434,丁未,羊,周朝,东周,战国,东周考王姬嵬,,,,考王七年,,
公元前四百三十三年,-433,戊申,猴,周朝,东周,战国,东周考王姬嵬,,,,考王八年,,
公元前四百三十二年,-432,己酉,鸡,周朝,东周,战国,东周考王姬嵬,,,,考王九年,,
公元前四百三十一年,-431,庚戌,狗,周朝,东周,战国,东周考王姬嵬,,,,考王十年,,
公元前四百三十年,-430,辛亥,猪,周朝,东周,战国,东周考王姬嵬,,,,考王十一年,,
公元前四百二十九年,-429,壬子,鼠,周朝,东周,战国,东周考王姬嵬,,,,考王十二年,,
公元前四百二十八年,-428,癸丑,牛,周朝,东周,战国,东周考王姬嵬,,,,考王十三年,,
公元前四百二十七年,-427,甲寅,虎,周朝,东周,战国,东周考王姬嵬,,,,考王十四年,,
公元前四百二十六年,-426,乙卯,兔,周朝,东周,战国,东周威烈王姬午,东周考王姬嵬,,,考王十五年,,
公元前四百二十五年,-425,丙辰,龙,周朝,东周,战国,东周威烈王姬午,,,,威烈王元年,,
公元前四百二十四年,-424,丁巳,蛇,周朝,东周,战国,东周威烈王姬午,,,,威烈王二年,,
公元前四百二十三年,-423,戊午,马,周朝,东周,战国,东周威烈王姬午,,,,威烈王三年,,
公元前四百二十二年,-422,己未,羊,周朝,东周,战国,东周威烈王姬午,,,,威烈王四年,,
公元前四百二十一年,-421,庚申,猴,周朝,东周,战国,东周威烈王姬午,,,,威烈王五年,,
公元前四百二十年,-420,辛酉,鸡,周朝,东周,战国,东周威烈王姬午,,,,威烈王六年,,
公元前四百一十九年,-419,壬戌,狗,周朝,东周,战国,东周威烈王姬午,,,,威烈王七年,,
公元前四百一十八年,-418,癸亥,猪,周朝,东周,战国,东周威烈王姬午,,,,威烈王八年,,
公元前四百一十七年,-417,甲子,鼠,周朝,东周,战国,东周威烈王姬午,,,,威烈王九年,,
公元前四百一十六年,-416,乙丑,牛,周朝,东周,战国,东周威烈王姬午,,,,威烈王十年,,
公元前四百一十五年,-415,丙寅,虎,周朝,东周,战国,东周威烈王姬午,,,,威烈王十一年,,
公元前四百一十四年,-414,丁卯,兔,周朝,东周,战国,东周威烈王姬午,,,,威烈王十二年,,
公元前四百一十三年,-413,戊辰,龙,周朝,东周,战国,东周威烈王姬午,,,,威烈王十三年,,
公元前四百一十二年,-412,己巳,蛇,周朝,东周,战国,东周威烈王姬午,,,,威烈王十四年,,
公元前四百一十一年,-411,庚午,马,周朝,东周,战国,东周威烈王姬午,,,,威烈王十五年,,
公元前四百一十年,-410,辛未,羊,周朝,东周,战国,东周威烈王姬午,,,,威烈王十六年,,
公元前四百零九年,-409,壬申,猴,周朝,东周,战国,东周威烈王姬午,,,,威烈王十七年,,
公元前四百零八年,-408,癸酉,鸡,周朝,东周,战国,东周威烈王姬午,,,,威烈王十八年,,
公元前四百零七年,-407,甲戌,狗,周朝,东周,战国,东周威烈王姬午,,,,威烈王十九年,,
公元前四百零六年,-406,乙亥,猪,周朝,东周,战国,东周威烈王姬午,,,,威烈王二十年,,
公元前四百零五年,-405,丙子,鼠,周朝,东周,战国,东周威烈王姬午,,,,威烈王二十一年,,
公元前四百零四年,-404,丁丑,牛,周朝,东周,战国,东周威烈王姬午,,,,威烈王二十二年,,
公元前四百零三年,-403,戊寅,虎,周朝,东周,战国,东周威烈王姬午,,,,威烈王二十三年,,
公元前四百零二年,-402,己卯,兔,周朝,东周,战国,东周安王姬骄,东周威烈王姬午,,,威烈王二十四年,,
公元前四百零一年,-401,庚辰,龙,周朝,东周,战国,东周安王姬骄,,,,安王元年,,
公元前四百年,-400,辛巳,蛇,周朝,东周,战国,东周安王姬骄,,,,安王二年,,
公元前三百九十九年,-399,壬午,马,周朝,东周,战国,东周安王姬骄,,,,安王三年,,
公元前三百九十八年,-398,癸未,羊,周朝,东周,战国,东周安王姬骄,,,,安王四年,,
公元前三百九十七年,-397,甲申,猴,周朝,东周,战国,东周安王姬骄,,,,安王五年,,
公元前三百九十六年,-396,乙酉,鸡,周朝,东周,战国,东周安王姬骄,,,,安王六年,,
公元前三百九十五年,-395,丙戌,狗,周朝,东周,战国,东周安王姬骄,,,,安王七年,,
公元前三百九十四年,-394,丁亥,猪,周朝,东周,战国,东周安王姬骄,,,,安王八年,,
公元前三百九十三年,-393,戊子,鼠,周朝,东周,战国,东周安王姬骄,,,,安王九年,,
公元前三百九十二年,-392,己丑,牛,周朝,东周,战国,东周安王姬骄,,,,安王十年,,
公元前三百九十一年,-391,庚寅,虎,周朝,东周,战国,东周安王姬骄,,,,安王十一年,,
公元前三百九十年,-390,辛卯,兔,周朝,东周,战国,东周安王姬骄,,,,安王十二年,,
公元前三百八十九年,-389,壬辰,龙,周朝,东周,战国,东周安王姬骄,,,,安王十三年,,
公元前三百八十八年,-388,癸巳,蛇,周朝,东周,战国,东周安王姬骄,,,,安王十四年,,
公元前三百八十七年,-387,甲午,马,周朝,东周,战国,东周安王姬骄,,,,安王十五年,,
公元前三百八十六年,-386,乙未,羊,周朝,东周,战国,东周安王姬骄,,,,安王十六年,,
公元前三百八十五年,-385,丙申,猴,周朝,东周,战国,东周安王姬骄,,,,安王十七年,,
公元前三百八十四年,-384,丁酉,鸡,周朝,东周,战国,东周安王姬骄,,,,安王十八年,,
公元前三百八十三年,-383,戊戌,狗,周朝,东周,战国,东周安王姬骄,,,,安王十九年,,
公元前三百八十二年,-382,己亥,猪,周朝,东周,战国,东周安王姬骄,,,,安王二十年,,
公元前三百八十一年,-381,庚子,鼠,周朝,东周,战国,东周安王姬骄,,,,安王二十一年,,
公元前三百八十年,-380,辛丑,牛,周朝,东周,战国,东周安王姬骄,,,,安王二十二年,,
公元前三百七十九年,-379,壬寅,虎,周朝,东周,战国,东周安王姬骄,,,,安王二十三年,,
公元前三百七十八年,-378,癸卯,兔,周朝,东周,战国,东周安王姬骄,,,,安王二十四年,,
公元前三百七十七年,-377,甲辰,龙,周朝,东周,战国,东周安王姬骄,,,,安王二十五年,,
公元前三百七十六年,-376,乙巳,蛇,周朝,东周,战国,东周烈王姬喜,东周安王姬骄,,,安王二十六年,,
公元前三百七十五年,-375,丙午,马,周朝,东周,战国,东周烈王姬喜,,,,烈王元年,,
公元前三百七十四年,-374,丁未,羊,周朝,东周,战国,东周烈王姬喜,,,,烈王二年,,
公元前三百七十三年,-373,戊申,猴,周朝,东周,战国,东周烈王姬喜,,,,烈王三年,,
公元前三百七十二年,-372,己酉,鸡,周朝,东周,战国,东周烈王姬喜,,,,烈王四年,,
公元前三百七十一年,-371,庚戌,狗,周朝,东周,战国,东周烈王姬喜,,,,烈王五年,,
