年份,年份乙,干支,生肖,朝代甲,朝代乙,朝代丙,在位皇帝甲,在位皇帝乙,年号甲,年号乙,年号丙
公元前一千零四十六年,-1046,乙未,羊,商朝,周朝,西周,殷商纣王子辛,西周武王姬发,纣王三十年,武王元年,
公元前一千零四十五年,-1045,丙申,猴,周朝,西周,,西周武王姬发,,武王二年,,
公元前一千零四十四年,-1044,丁酉,鸡,周朝,西周,,西周武王姬发,,武王三年,,
公元前一千零四十三年,-1043,戊戌,狗,周朝,西周,,西周武王姬发,西周成王姬诵,武王四年,成王元年,
公元前一千零四十二年,-1042,己亥,猪,周朝,西周,,西周成王姬诵,,成王二年,,
公元前一千零四十一年,-1041,庚子,鼠,周朝,西周,,西周成王姬诵,,成王三年,,
公元前一千零四十年,-1040,辛丑,牛,周朝,西周,,西周成王姬诵,,成王四年,,
公元前一千零三十九年,-1039,壬寅,虎,周朝,西周,,西周成王姬诵,,成王五年,,
公元前一千零三十八年,-1038,癸卯,兔,周朝,西周,,西周成王姬诵,,成王六年,,
公元前一千零三十七年,-1037,甲辰,龙,周朝,西周,,西周成王姬诵,,成王七年,,
公元前一千零三十六年,-1036,乙巳,蛇,周朝,西周,,西周成王姬诵,,成王八年,,
公元前一千零三十五年,-1035,丙午,马,周朝,西周,,西周成王姬诵,,成王九年,,
公元前一千零三十四年,-1034,丁未,羊,周朝,西周,,西周成王姬诵,,成王十年,,
公元前一千零三十三年,-1033,戊申,猴,周朝,西周,,西周成王姬诵,,成王十一年,,
公元前一千零三十二年,-1032,己酉,鸡,周朝,西周,,西周成王姬诵,,成王十二年,,
公元前一千零三十一年,-1031,庚戌,狗,周朝,西周,,西周成王姬诵,,成王十三年,,
公元前一千零三十年,-1030,辛亥,猪,周朝,西周,,西周成王姬诵,,成王十四年,,
公元前一千零二十九年,-1029,壬子,鼠,周朝,西周,,西周成王姬诵,,成王十五年,,
公元前一千零二十八年,-1028,癸丑,牛,周朝,西周,,西周成王姬诵,,成王十六年,,
公元前一千零二十七年,-1027,甲寅,虎,周朝,西周,,西周成王姬诵,,成王十七年,,
公元前一千零二十六年,-1026,乙卯,兔,周朝,西周,,西周成王姬诵,,成王十八年,,
公元前一千零二十五年,-1025,丙辰,龙,周朝,西周,,西周成王姬诵,,成王十九年,,
公元前一千零二十四年,-1024,丁巳,蛇,周朝,西周,,西周成王姬诵,,成王二十年,,
公元前一千零二十三年,-1023,戊午,马,周朝,西周,,西周成王姬诵,,成王二十一年,,
公元前一千零二十二年,-1022,己未,羊,周朝,西周,,西周成王姬诵,,成王二十二年,,
公元前一千零二十一年,-1021,庚申,猴,周朝,西周,,西周康王姬钊,,康王元年,,
公元前一千零二十年,-1020,辛酉,鸡,周朝,西周,,西周康王姬钊,,康王二年,,
公元前一千零一十九年,-1019,壬戌,狗,周朝,西周,,西周康王姬钊,,康王三年,,
公元前一千零一十八年,-1018,癸亥,猪,周朝,西周,,西周康王姬钊,,康王四年,,
公元前一千零一十七年,-1017,甲子,鼠,周朝,西周,,西周康王姬钊,,康王五年,,
公元前一千零一十六年,-1016,乙丑,牛,周朝,西周,,西周康王姬钊,,康王六年,,
公元前一千零一十五年,-1015,丙寅,虎,周朝,西周,,西周康王姬钊,,康王七年,,
公元前一千零一十四年,-1014,丁卯,兔,周朝,西周,,西周康王姬钊,,康王八年,,
公元前一千零一十三年,-1013,戊辰,龙,周朝,西周,,西周康王姬钊,,康王九年,,
公元前一千零一十二年,-1012,己巳,蛇,周朝,西周,,西周康王姬钊,,康王十年,,
公元前一千零一十一年,-1011,庚午,马,周朝,西周,,西周康王姬钊,,康王十一年,,
公元前一千零一十年,-1010,辛未,羊,周朝,西周,,西周康王姬钊,,康王十二年,,
公元前一千零九年,-1009,壬申,猴,周朝,西周,,西周康王姬钊,,康王十三年,,
公元前一千零八年,-1008,癸酉,鸡,周朝,西周,,西周康王姬钊,,康王十四年,,
公元前一千零七年,-1007,甲戌,狗,周朝,西周,,西周康王姬钊,,康王十五年,,
公元前一千零六年,-1006,乙亥,猪,周朝,西周,,西周康王姬钊,,康王十六年,,
公元前一千零五年,-1005,丙子,鼠,周朝,西周,,西周康王姬钊,,康王十七年,,
公元前一千零四年,-1004,丁丑,牛,周朝,西周,,西周康王姬钊,,康王十八年,,
公元前一千零三年,-1003,戊寅,虎,周朝,西周,,西周康王姬钊,,康王十九年,,
公元前一千零二年,-1002,己卯,兔,周朝,西周,,西周康王姬钊,,康王二十年,,
公元前一千零一年,-1001,庚辰,龙,周朝,西周,,西周康王姬钊,,康王二十一年,,
公元前一千年,-1000,辛巳,蛇,周朝,西周,,西周康王姬钊,,康王二十二年,,
公元前九百九十九年,-999,壬午,马,周朝,西周,,西周康王姬钊,,康王二十三年,,
公元前九百九十八年,-998,癸未,羊,周朝,西周,,西周康王姬钊,,康王二十四年,,
公元前九百九十七年,-997,甲申,猴,周朝,西周,,西周康王姬钊,,康王二十五年,,
公元前九百九十六年,-996,乙酉,鸡,周朝,西周,,西周康王姬钊,,康王二十六年,,
公元前九百九十五年,-995,丙戌,狗,周朝,西周,,西周昭王姬瑕,,昭王元年,,
公元前九百九十四年,-994,丁亥,猪,周朝,西周,,西周昭王姬瑕,,昭王二年,,
公元前九百九十三年,-993,戊子,鼠,周朝,西周,,西周昭王姬瑕,,昭王三年,,
公元前九百九十二年,-992,己丑,牛,周朝,西周,,西周昭王姬瑕,,昭王四年,,
公元前九百九十一年,-991,庚寅,虎,周朝,西周,,西周昭王姬瑕,,昭王五年,,
公元前九百九十年,-990,辛卯,兔,周朝,西周,,西周昭王姬瑕,,昭王六年,,
公元前九百八十九年,-989,壬辰,龙,周朝,西周,,西周昭王姬瑕,,昭王七年,,
公元前九百八十八年,-988,癸巳,蛇,周朝,西周,,西周昭王姬瑕,,昭王八年,,
公元前九百八十七年,-987,甲午,马,周朝,西周,,西周昭王姬瑕,,昭王九年,,
公元前九百八十六年,-986,乙未,羊,周朝,西周,,西周昭王姬瑕,,昭王十年,,
公元前九百八十五年,-985,丙申,猴,周朝,西周,,西周昭王姬瑕,,昭王十一年,,
公元前九百八十四年,-984,丁酉,鸡,周朝,西周,,西周昭王姬瑕,,昭王十二年,,
公元前九百八十三年,-983,戊戌,狗,周朝,西周,,西周昭王姬瑕,,昭王十三年,,
公元前九百八十二年,-982,己亥,猪,周朝,西周,,西周昭王姬瑕,,昭王十四年,,
公元前九百八十一年,-981,庚子,鼠,周朝,西周,,西周昭王姬瑕,,昭王十五年,,
公元前九百八十年,-980,辛丑,牛,周朝,西周,,西周昭王姬瑕,,昭王十六年,,
公元前九百七十九年,-979,壬寅,虎,周朝,西周,,西周昭王姬瑕,,昭王十七年,,
公元前九百七十八年,-978,癸卯,兔,周朝,西周,,西周昭王姬瑕,,昭王十八年,,
公元前九百七十七年,-977,甲辰,龙,周朝,西周,,西周昭王姬瑕,西周穆王姬满,昭王十九年,穆王元年,
公元前九百七十六年,-976,乙巳,蛇,周朝,西周,,西周穆王姬满,,穆王二年,,
公元前九百七十五年,-975,丙午,马,周朝,西周,,西周穆王姬满,,穆王三年,,
公元前九百七十四年,-974,丁未,羊,周朝,西周,,西周穆王姬满,,穆王四年,,
公元前九百七十三年,-973,戊申,猴,周朝,西周,,西周穆王姬满,,穆王五年,,
公元前九百七十二年,-972,己酉,鸡,周朝,西周,,西周穆王姬满,,穆王六年,,
公元前九百七十一年,-971,庚戌,狗,周朝,西周,,西周穆王姬满,,穆王七年,,
公元前九百七十年,-970,辛亥,猪,周朝,西周,,西周穆王姬满,,穆王八年,,
公元前九百六十九年,-969,壬子,鼠,周朝,西周,,西周穆王姬满,,穆王九年,,
公元前九百六十八年,-968,癸丑,牛,周朝,西周,,西周穆王姬满,,穆王十年,,
公元前九百六十七年,-967,甲寅,虎,周朝,西周,,西周穆王姬满,,穆王十一年,,
公元前九百六十六年,-966,乙卯,兔,周朝,西周,,西周穆王姬满,,穆王十二年,,
公元前九百六十五年,-965,丙辰,龙,周朝,西周,,西周穆王姬满,,穆王十三年,,
公元前九百六十四年,-964,丁巳,蛇,周朝,西周,,西周穆王姬满,,穆王十四年,,
公元前九百六十三年,-963,戊午,马,周朝,西周,,西周穆王姬满,,穆王十五年,,
公元前九百六十二年,-962,己未,羊,周朝,西周,,西周穆王姬满,,穆王十六年,,
公元前九百六十一年,-961,庚申,猴,周朝,西周,,西周穆王姬满,,穆王十七年,,
公元前九百六十年,-960,辛酉,鸡,周朝,西周,,西周穆王姬满,,穆王十八年,,
公元前九百五十九年,-959,壬戌,狗,周朝,西周,,西周穆王姬满,,穆王十九年,,
公元前九百五十八年,-958,癸亥,猪,周朝,西周,,西周穆王姬满,,穆王二十年,,
公元前九百五十七年,-957,甲子,鼠,周朝,西周,,西周穆王姬满,,穆王二十一年,,
公元前九百五十六年,-956,乙丑,牛,周朝,西周,,西周穆王姬满,,穆王二十二年,,
公元前九百五十五年,-955,丙寅,虎,周朝,西周,,西周穆王姬满,,穆王二十三年,,
公元前九百五十四年,-954,丁卯,兔,周朝,西周,,西周穆王姬满,,穆王二十四年,,
公元前九百五十三年,-953,戊辰,龙,周朝,西周,,西周穆王姬满,,穆王二十五年,,
公元前九百五十二年,-952,己巳,蛇,周朝,西周,,西周穆王姬满,,穆王二十六年,,
公元前九百五十一年,-951,庚午,马,周朝,西周,,西周穆王姬满,,穆王二十七年,,
公元前九百五十年,-950,辛未,羊,周朝,西周,,西周穆王姬满,,穆王二十八年,,
公元前九百四十九年,-949,壬申,猴,周朝,西周,,西周穆王姬满,,穆王二十九年,,
公元前九百四十八年,-948,癸酉,鸡,周朝,西周,,西周穆王姬满,,穆王三十年,,
公元前九百四十七年,-947,甲戌,狗,周朝,西周,,西周穆王姬满,,穆王三十一年,,
公元前九百四十六年,-946,乙亥,猪,周朝,西周,,西周穆王姬满,,穆王三十二年,,
公元前九百四十五年,-945,丙子,鼠,周朝,西周,,西周穆王姬满,,穆王三十三年,,
公元前九百四十四年,-944,丁丑,牛,周朝,西周,,西周穆王姬满,,穆王三十四年,,
公元前九百四十三年,-943,戊寅,虎,周朝,西周,,西周穆王姬满,,穆王三十五年,,
公元前九百四十二年,-942,己卯,兔,周朝,西周,,西周穆王姬满,,穆王三十六年,,
公元前九百四十一年,-941,庚辰,龙,周朝,西周,,西周穆王姬满,,穆王三十七年,,
公元前九百四十年,-940,辛巳,蛇,周朝,西周,,西周穆王姬满,,穆王三十八年,,
公元前九百三十九年,-939,壬午,马,周朝,西周,,西周穆王姬满,,穆王三十九年,,
公元前九百三十八年,-938,癸未,羊,周朝,西周,,西周穆王姬满,,穆王四十年,,
公元前九百三十七年,-937,甲申,猴,周朝,西周,,西周穆王姬满,,穆王四十一年,,
公元前九百三十六年,-936,乙酉,鸡,周朝,西周,,西周穆王姬满,,穆王四十二年,,
公元前九百三十五年,-935,丙戌,狗,周朝,西周,,西周穆王姬满,,穆王四十三年,,
公元前九百三十四年,-934,丁亥,猪,周朝,西周,,西周穆王姬满,,穆王四十四年,,
公元前九百三十三年,-933,戊子,鼠,周朝,西周,,西周穆王姬满,,穆王四十五年,,
公元前九百三十二年,-932,己丑,牛,周朝,西周,,西周穆王姬满,,穆王四十六年,,
公元前九百三十一年,-931,庚寅,虎,周朝,西周,,西周穆王姬满,,穆王四十七年,,
公元前九百三十年,-930,辛卯,兔,周朝,西周,,西周穆王姬满,,穆王四十八年,,
公元前九百二十九年,-929,壬辰,龙,周朝,西周,,西周穆王姬满,,穆王四十九年,,
公元前九百二十八年,-928,癸巳,蛇,周朝,西周,,西周穆王姬满,,穆王五十年,,
公元前九百二十七年,-927,甲午,马,周朝,西周,,西周穆王姬满,,穆王五十一年,,
公元前九百二十六年,-926,乙未,羊,周朝,西周,,西周穆王姬满,,穆王五十二年,,
公元前九百二十五年,-925,丙申,猴,周朝,西周,,西周穆王姬满,,穆王五十三年,,
公元前九百二十四年,-924,丁酉,鸡,周朝,西周,,西周穆王姬满,,穆王五十四年,,
公元前九百二十三年,-923,戊戌,狗,周朝,西周,,西周穆王姬满,,穆王五十五年,,
公元前九百二十二年,-922,己亥,猪,周朝,西周,,西周共王姬伊扈,,共王元年,,
公元前九百二十一年,-921,庚子,鼠,周朝,西周,,西周共王姬伊扈,,共王二年,,
公元前九百二十年,-920,辛丑,牛,周朝,西周,,西周共王姬伊扈,,共王三年,,
公元前九百一十九年,-919,壬寅,虎,周朝,西周,,西周共王姬伊扈,,共王四年,,
公元前九百一十八年,-918,癸卯,兔,周朝,西周,,西周共王姬伊扈,,共王五年,,
公元前九百一十七年,-917,甲辰,龙,周朝,西周,,西周共王姬伊扈,,共王六年,,
公元前九百一十六年,-916,乙巳,蛇,周朝,西周,,西周共王姬伊扈,,共王七年,,
公元前九百一十五年,-915,丙午,马,周朝,西周,,西周共王姬伊扈,,共王八年,,
公元前九百一十四年,-914,丁未,羊,周朝,西周,,西周共王姬伊扈,,共王九年,,
公元前九百一十三年,-913,戊申,猴,周朝,西周,,西周共王姬伊扈,,共王十年,,
公元前九百一十二年,-912,己酉,鸡,周朝,西周,,西周共王姬伊扈,,共王十一年,,
公元前九百一十一年,-911,庚戌,狗,周朝,西周,,西周共王姬伊扈,,共王十二年,,
公元前九百一十年,-910,辛亥,猪,周朝,西周,,西周共王姬伊扈,,共王十三年,,
公元前九百零九年,-909,壬子,鼠,周朝,西周,,西周共王姬伊扈,,共王十四年,,
公元前九百零八年,-908,癸丑,牛,周朝,西周,,西周共王姬伊扈,,共王十五年,,
公元前九百零七年,-907,甲寅,虎,周朝,西周,,西周共王姬伊扈,,共王十六年,,
公元前九百零六年,-906,乙卯,兔,周朝,西周,,西周共王姬伊扈,,共王十七年,,
公元前九百零五年,-905,丙辰,龙,周朝,西周,,西周共王姬伊扈,,共王十八年,,
公元前九百零四年,-904,丁巳,蛇,周朝,西周,,西周共王姬伊扈,,共王十九年,,
公元前九百零三年,-903,戊午,马,周朝,西周,,西周共王姬伊扈,,共王二十年,,
公元前九百零二年,-902,己未,羊,周朝,西周,,西周共王姬伊扈,,共王二十一年,,
公元前九百零一年,-901,庚申,猴,周朝,西周,,西周共王姬伊扈,,共王二十二年,,
公元前九百年,-900,辛酉,鸡,周朝,西周,,西周共王姬伊扈,,共王二十三年,,
公元前八百九十九年,-899,壬戌,狗,周朝,西周,,西周懿王姬坚,,懿王元年,,
公元前八百九十八年,-898,癸亥,猪,周朝,西周,,西周懿王姬坚,,懿王二年,,
公元前八百九十七年,-897,甲子,鼠,周朝,西周,,西周懿王姬坚,,懿王三年,,
公元前八百九十六年,-896,乙丑,牛,周朝,西周,,西周懿王姬坚,,懿王四年,,
公元前八百九十五年,-895,丙寅,虎,周朝,西周,,西周懿王姬坚,,懿王五年,,
公元前八百九十四年,-894,丁卯,兔,周朝,西周,,西周懿王姬坚,,懿王六年,,
公元前八百九十三年,-893,戊辰,龙,周朝,西周,,西周懿王姬坚,,懿王七年,,
公元前八百九十二年,-892,己巳,蛇,周朝,西周,,西周懿王姬坚,西周孝王姬辟方,孝王元年,,
公元前八百九十一年,-891,庚午,马,周朝,西周,,西周孝王姬辟方,,孝王二年,,
公元前八百九十年,-890,辛未,羊,周朝,西周,,西周孝王姬辟方,,孝王三年,,
公元前八百八十九年,-889,壬申,猴,周朝,西周,,西周孝王姬辟方,,孝王四年,,
公元前八百八十八年,-888,癸酉,鸡,周朝,西周,,西周孝王姬辟方,,孝王五年,,
公元前八百八十七年,-887,甲戌,狗,周朝,西周,,西周孝王姬辟方,,孝王六年,,
公元前八百八十六年,-886,乙亥,猪,周朝,西周,,西周孝王姬辟方,,孝王七年,,
公元前八百八十五年,-885,丙子,鼠,周朝,西周,,西周夷王姬燮,,夷王元年,,
公元前八百八十四年,-884,丁丑,牛,周朝,西周,,西周夷王姬燮,,夷王二年,,
公元前八百八十三年,-883,戊寅,虎,周朝,西周,,西周夷王姬燮,,夷王三年,,
公元前八百八十二年,-882,己卯,兔,周朝,西周,,西周夷王姬燮,,夷王四年,,
公元前八百八十一年,-881,庚辰,龙,周朝,西周,,西周夷王姬燮,,夷王五年,,
公元前八百八十年,-880,辛巳,蛇,周朝,西周,,西周夷王姬燮,,夷王六年,,
公元前八百七十九年,-879,壬午,马,周朝,西周,,西周夷王姬燮,,夷王七年,,
公元前八百七十八年,-878,癸未,羊,周朝,西周,,西周夷王姬燮,西周厉王姬胡,夷王八年,厉王元年,
公元前八百七十七年,-877,甲申,猴,周朝,西周,,西周厉王姬胡,,厉王二年,,
公元前八百七十六年,-876,乙酉,鸡,周朝,西周,,西周厉王姬胡,,厉王三年,,
公元前八百七十五年,-875,丙戌,狗,周朝,西周,,西周厉王姬胡,,厉王四年,,
公元前八百七十四年,-874,丁亥,猪,周朝,西周,,西周厉王姬胡,,厉王五年,,
公元前八百七十三年,-873,戊子,鼠,周朝,西周,,西周厉王姬胡,,厉王六年,,
公元前八百七十二年,-872,己丑,牛,周朝,西周,,西周厉王姬胡,,厉王七年,,
公元前八百七十一年,-871,庚寅,虎,周朝,西周,,西周厉王姬胡,,厉王八年,,
公元前八百七十年,-870,辛卯,兔,周朝,西周,,西周厉王姬胡,,厉王九年,,
公元前八百六十九年,-869,壬辰,龙,周朝,西周,,西周厉王姬胡,,厉王十年,,
公元前八百六十八年,-868,癸巳,蛇,周朝,西周,,西周厉王姬胡,,厉王十一年,,
公元前八百六十七年,-867,甲午,马,周朝,西周,,西周厉王姬胡,,厉王十二年,,
公元前八百六十六年,-866,乙未,羊,周朝,西周,,西周厉王姬胡,,厉王十三年,,
公元前八百六十五年,-865,丙申,猴,周朝,西周,,西周厉王姬胡,,厉王十四年,,
公元前八百六十四年,-864,丁酉,鸡,周朝,西周,,西周厉王姬胡,,厉王十五年,,
公元前八百六十三年,-863,戊戌,狗,周朝,西周,,西周厉王姬胡,,厉王十六年,,
公元前八百六十二年,-862,己亥,猪,周朝,西周,,西周厉王姬胡,,厉王十七年,,
公元前八百六十一年,-861,庚子,鼠,周朝,西周,,西周厉王姬胡,,厉王十八年,,
公元前八百六十年,-860,辛丑,牛,周朝,西周,,西周厉王姬胡,,厉王十九年,,
公元前八百五十九年,-859,壬寅,虎,周朝,西周,,西周厉王姬胡,,厉王二十年,,
公元前八百五十八年,-858,癸卯,兔,周朝,西周,,西周厉王姬胡,,厉王二十一年,,
公元前八百五十七年,-857,甲辰,龙,周朝,西周,,西周厉王姬胡,,厉王二十二年,,
公元前八百五十六年,-856,乙巳,蛇,周朝,西周,,西周厉王姬胡,,厉王二十三年,,
公元前八百五十五年,-855,丙午,马,周朝,西周,,西周厉王姬胡,,厉王二十四年,,
公元前八百五十四年,-854,丁未,羊,周朝,西周,,西周厉王姬胡,,厉王二十五年,,
公元前八百五十三年,-853,戊申,猴,周朝,西周,,西周厉王姬胡,,厉王二十六年,,
公元前八百五十二年,-852,己酉,鸡,周朝,西周,,西周厉王姬胡,,厉王二十七年,,
公元前八百五十一年,-851,庚戌,狗,周朝,西周,,西周厉王姬胡,,厉王二十八年,,
公元前八百五十年,-850,辛亥,猪,周朝,西周,,西周厉王姬胡,,厉王二十九年,,
公元前八百四十九年,-849,壬子,鼠,周朝,西周,,西周厉王姬胡,,厉王三十年,,
公元前八百四十八年,-848,癸丑,牛,周朝,西周,,西周厉王姬胡,,厉王三十一年,,
公元前八百四十七年,-847,甲寅,虎,周朝,西周,,西周厉王姬胡,,厉王三十二年,,
公元前八百四十六年,-846,乙卯,兔,周朝,西周,,西周厉王姬胡,,厉王三十三年,,
公元前八百四十五年,-845,丙辰,龙,周朝,西周,,西周厉王姬胡,,厉王三十四年,,
公元前八百四十四年,-844,丁巳,蛇,周朝,西周,,西周厉王姬胡,,厉王三十五年,,
公元前八百四十三年,-843,戊午,马,周朝,西周,,西周厉王姬胡,,厉王三十六年,,
公元前八百四十二年,-842,己未,羊,周朝,西周,,西周厉王姬胡,,厉王三十七年,,
公元前八百四十一年,-841,庚申,猴,周朝,西周,,西周共和,,共和元年,,
公元前八百四十年,-840,辛酉,鸡,周朝,西周,,西周共和,,共和二年,,
公元前八百三十九年,-839,壬戌,狗,周朝,西周,,西周共和,,共和三年,,
公元前八百三十八年,-838,癸亥,猪,周朝,西周,,西周共和,,共和四年,,
公元前八百三十七年,-837,甲子,鼠,周朝,西周,,西周共和,,共和五年,,
公元前八百三十六年,-836,乙丑,牛,周朝,西周,,西周共和,,共和六年,,
公元前八百三十五年,-835,丙寅,虎,周朝,西周,,西周共和,,共和七年,,
公元前八百三十四年,-834,丁卯,兔,周朝,西周,,西周共和,,共和八年,,
公元前八百三十三年,-833,戊辰,龙,周朝,西周,,西周共和,,共和九年,,
公元前八百三十二年,-832,己巳,蛇,周朝,西周,,西周共和,,共和十年,,
公元前八百三十一年,-831,庚午,马,周朝,西周,,西周共和,,共和十一年,,
公元前八百三十年,-830,辛未,羊,周朝,西周,,西周共和,,共和十二年,,
公元前八百二十九年,-829,壬申,猴,周朝,西周,,西周共和,,共和十三年,,
公元前八百二十八年,-828,癸酉,鸡,周朝,西周,,西周共和,,共和十四年,,
公元前八百二十七年,-827,甲戌,狗,周朝,西周,,西周宣王姬静,,宣王元年,,
公元前八百二十六年,-826,乙亥,猪,周朝,西周,,西周宣王姬静,,宣王二年,,
公元前八百二十五年,-825,丙子,鼠,周朝,西周,,西周宣王姬静,,宣王三年,,
公元前八百二十四年,-824,丁丑,牛,周朝,西周,,西周宣王姬静,,宣王四年,,
公元前八百二十三年,-823,戊寅,虎,周朝,西周,,西周宣王姬静,,宣王五年,,
公元前八百二十二年,-822,己卯,兔,周朝,西周,,西周宣王姬静,,宣王六年,,
公元前八百二十一年,-821,庚辰,龙,周朝,西周,,西周宣王姬静,,宣王七年,,
公元前八百二十年,-820,辛巳,蛇,周朝,西周,,西周宣王姬静,,宣王八年,,
公元前八百一十九年,-819,壬午,马,周朝,西周,,西周宣王姬静,,宣王九年,,
公元前八百一十八年,-818,癸未,羊,周朝,西周,,西周宣王姬静,,宣王十年,,
公元前八百一十七年,-817,甲申,猴,周朝,西周,,西周宣王姬静,,宣王十一年,,
公元前八百一十六年,-816,乙酉,鸡,周朝,西周,,西周宣王姬静,,宣王十二年,,
公元前八百一十五年,-815,丙戌,狗,周朝,西周,,西周宣王姬静,,宣王十三年,,
公元前八百一十四年,-814,丁亥,猪,周朝,西周,,西周宣王姬静,,宣王十四年,,
公元前八百一十三年,-813,戊子,鼠,周朝,西周,,西周宣王姬静,,宣王十五年,,
公元前八百一十二年,-812,己丑,牛,周朝,西周,,西周宣王姬静,,宣王十六年,,
公元前八百一十一年,-811,庚寅,虎,周朝,西周,,西周宣王姬静,,宣王十七年,,
公元前八百一十年,-810,辛卯,兔,周朝,西周,,西周宣王姬静,,宣王十八年,,
公元前八百零九年,-809,壬辰,龙,周朝,西周,,西周宣王姬静,,宣王十九年,,
公元前八百零八年,-808,癸巳,蛇,周朝,西周,,西周宣王姬静,,宣王二十年,,
公元前八百零七年,-807,甲午,马,周朝,西周,,西周宣王姬静,,宣王二十一年,,
公元前八百零六年,-806,乙未,羊,周朝,西周,,西周宣王姬静,,宣王二十二年,,
公元前八百零五年,-805,丙申,猴,周朝,西周,,西周宣王姬静,,宣王二十三年,,
公元前八百零四年,-804,丁酉,鸡,周朝,西周,,西周宣王姬静,,宣王二十四年,,
公元前八百零三年,-803,戊戌,狗,周朝,西周,,西周宣王姬静,,宣王二十五年,,
公元前八百零二年,-802,己亥,猪,周朝,西周,,西周宣王姬静,,宣王二十六年,,
公元前八百零一年,-801,庚子,鼠,周朝,西周,,西周宣王姬静,,宣王二十七年,,
公元前八百年,-800,辛丑,牛,周朝,西周,,西周宣王姬静,,宣王二十八年,,
公元前七百九十九年,-799,壬寅,虎,周朝,西周,,西周宣王姬静,,宣王二十九年,,
公元前七百九十八年,-798,癸卯,兔,周朝,西周,,西周宣王姬静,,宣王三十年,,
公元前七百九十七年,-797,甲辰,龙,周朝,西周,,西周宣王姬静,,宣王三十一年,,
公元前七百九十六年,-796,乙巳,蛇,周朝,西周,,西周宣王姬静,,宣王三十二年,,
公元前七百九十五年,-795,丙午,马,周朝,西周,,西周宣王姬静,,宣王三十三年,,
公元前七百九十四年,-794,丁未,羊,周朝,西周,,西周宣王姬静,,宣王三十四年,,
公元前七百九十三年,-793,戊申,猴,周朝,西周,,西周宣王姬静,,宣王三十五年,,
公元前七百九十二年,-792,己酉,鸡,周朝,西周,,西周宣王姬静,,宣王三十六年,,
公元前七百九十一年,-791,庚戌,狗,周朝,西周,,西周宣王姬静,,宣王三十七年,,
公元前七百九十年,-790,辛亥,猪,周朝,西周,,西周宣王姬静,,宣王三十八年,,
公元前七百八十九年,-789,壬子,鼠,周朝,西周,,西周宣王姬静,,宣王三十九年,,
公元前七百八十八年,-788,癸丑,牛,周朝,西周,,西周宣王姬静,,宣王四十年,,
公元前七百八十七年,-787,甲寅,虎,周朝,西周,,西周宣王姬静,,宣王四十一年,,
公元前七百八十六年,-786,乙卯,兔,周朝,西周,,西周宣王姬静,,宣王四十二年,,
公元前七百八十五年,-785,丙辰,龙,周朝,西周,,西周宣王姬静,,宣王四十三年,,
公元前七百八十四年,-784,丁巳,蛇,周朝,西周,,西周宣王姬静,,宣王四十四年,,
公元前七百八十三年,-783,戊午,马,周朝,西周,,西周宣王姬静,,宣王四十五年,,
公元前七百八十二年,-782,己未,羊,周朝,西周,,西周宣王姬静,,宣王四十六年,,
公元前七百八十一年,-781,庚申,猴,周朝,西周,,西周幽王姬宫涅,,幽王元年,,
公元前七百八十年,-780,辛酉,鸡,周朝,西周,,西周幽王姬宫涅,,幽王二年,,
公元前七百七十九年,-779,壬戌,狗,周朝,西周,,西周幽王姬宫涅,,幽王三年,,
公元前七百七十八年,-778,癸亥,猪,周朝,西周,,西周幽王姬宫涅,,幽王四年,,
公元前七百七十七年,-777,甲子,鼠,周朝,西周,,西周幽王姬宫涅,,幽王五年,,
公元前七百七十六年,-776,乙丑,牛,周朝,西周,,西周幽王姬宫涅,,幽王六年,,
公元前七百七十五年,-775,丙寅,虎,周朝,西周,,西周幽王姬宫涅,,幽王七年,,
公元前七百七十四年,-774,丁卯,兔,周朝,西周,,西周幽王姬宫涅,,幽王八年,,
公元前七百七十三年,-773,戊辰,龙,周朝,西周,,西周幽王姬宫涅,,幽王九年,,
公元前七百七十二年,-772,己巳,蛇,周朝,西周,,西周幽王姬宫涅,,幽王十年,,
公元前七百七十一年,-771,庚午,马,周朝,西周,,西周幽王姬宫涅,,幽王十一年,,
公元前七百七十年,-770,辛未,羊,周朝,东周,春秋,东周平王姬宜臼,,平王元年,,
公元前七百六十九年,-769,壬申,猴,周朝,东周,春秋,东周平王姬宜臼,,平王二年,,
公元前七百六十八年,-768,癸酉,鸡,周朝,东周,春秋,东周平王姬宜臼,,平王三年,,
公元前七百六十七年,-767,甲戌,狗,周朝,东周,春秋,东周平王姬宜臼,,平王四年,,
公元前七百六十六年,-766,乙亥,猪,周朝,东周,春秋,东周平王姬宜臼,,平王五年,,
公元前七百六十五年,-765,丙子,鼠,周朝,东周,春秋,东周平王姬宜臼,,平王六年,,
公元前七百六十四年,-764,丁丑,牛,周朝,东周,春秋,东周平王姬宜臼,,平王七年,,
公元前七百六十三年,-763,戊寅,虎,周朝,东周,春秋,东周平王姬宜臼,,平王八年,,
公元前七百六十二年,-762,己卯,兔,周朝,东周,春秋,东周平王姬宜臼,,平王九年,,
公元前七百六十一年,-761,庚辰,龙,周朝,东周,春秋,东周平王姬宜臼,,平王十年,,
公元前七百六十年,-760,辛巳,蛇,周朝,东周,春秋,东周平王姬宜臼,,平王十一年,,
公元前七百五十九年,-759,壬午,马,周朝,东周,春秋,东周平王姬宜臼,,平王十二年,,
公元前七百五十八年,-758,癸未,羊,周朝,东周,春秋,东周平王姬宜臼,,平王十三年,,
公元前七百五十七年,-757,甲申,猴,周朝,东周,春秋,东周平王姬宜臼,,平王十四年,,
公元前七百五十六年,-756,乙酉,鸡,周朝,东周,春秋,东周平王姬宜臼,,平王十五年,,
公元前七百五十五年,-755,丙戌,狗,周朝,东周,春秋,东周平王姬宜臼,,平王十六年,,
公元前七百五十四年,-754,丁亥,猪,周朝,东周,春秋,东周平王姬宜臼,,平王十七年,,
公元前七百五十三年,-753,戊子,鼠,周朝,东周,春秋,东周平王姬宜臼,,平王十八年,,
公元前七百五十二年,-752,己丑,牛,周朝,东周,春秋,东周平王姬宜臼,,平王十九年,,
公元前七百五十一年,-751,庚寅,虎,周朝,东周,春秋,东周平王姬宜臼,,平王二十年,,
公元前七百五十年,-750,辛卯,兔,周朝,东周,春秋,东周平王姬宜臼,,平王二十一年,,
公元前七百四十九年,-749,壬辰,龙,周朝,东周,春秋,东周平王姬宜臼,,平王二十二年,,
公元前七百四十八年,-748,癸巳,蛇,周朝,东周,春秋,东周平王姬宜臼,,平王二十三年,,
公元前七百四十七年,-747,甲午,马,周朝,东周,春秋,东周平王姬宜臼,,平王二十四年,,
公元前七百四十六年,-746,乙未,羊,周朝,东周,春秋,东周平王姬宜臼,,平王二十五年,,
公元前七百四十五年,-745,丙申,猴,周朝,东周,春秋,东周平王姬宜臼,,平王二十六年,,
公元前七百四十四年,-744,丁酉,鸡,周朝,东周,春秋,东周平王姬宜臼,,平王二十七年,,
公元前七百四十三年,-743,戊戌,狗,周朝,东周,春秋,东周平王姬宜臼,,平王二十八年,,
公元前七百四十二年,-742,己亥,猪,周朝,东周,春秋,东周平王姬宜臼,,平王二十九年,,
公元前七百四十一年,-741,庚子,鼠,周朝,东周,春秋,东周平王姬宜臼,,平王三十年,,
公元前七百四十年,-740,辛丑,牛,周朝,东周,春秋,东周平王姬宜臼,,平王三十一年,,
公元前七百三十九年,-739,壬寅,虎,周朝,东周,春秋,东周平王姬宜臼,,平王三十二年,,
公元前七百三十八年,-738,癸卯,兔,周朝,东周,春秋,东周平王姬宜臼,,平王三十三年,,
公元前七百三十七年,-737,甲辰,龙,周朝,东周,春秋,东周平王姬宜臼,,平王三十四年,,
公元前七百三十六年,-736,乙巳,蛇,周朝,东周,春秋,东周平王姬宜臼,,平王三十五年,,
公元前七百三十五年,-735,丙午,马,周朝,东周,春秋,东周平王姬宜臼,,平王三十六年,,
公元前七百三十四年,-734,丁未,羊,周朝,东周,春秋,东周平王姬宜臼,,平王三十七年,,
公元前七百三十三年,-733,戊申,猴,周朝,东周,春秋,东周平王姬宜臼,,平王三十八年,,
公元前七百三十二年,-732,己酉,鸡,周朝,东周,春秋,东周平王姬宜臼,,平王三十九年,,
公元前七百三十一年,-731,庚戌,狗,周朝,东周,春秋,东周平王姬宜臼,,平王四十年,,
公元前七百三十年,-730,辛亥,猪,周朝,东周,春秋,东周平王姬宜臼,,平王四十一年,,
公元前七百二十九年,-729,壬子,鼠,周朝,东周,春秋,东周平王姬宜臼,,平王四十二年,,
公元前七百二十八年,-728,癸丑,牛,周朝,东周,春秋,东周平王姬宜臼,,平王四十三年,,
公元前七百二十七年,-727,甲寅,虎,周朝,东周,春秋,东周平王姬宜臼,,平王四十四年,,
公元前七百二十六年,-726,乙卯,兔,周朝,东周,春秋,东周平王姬宜臼,,平王四十五年,,
公元前七百二十五年,-725,丙辰,龙,周朝,东周,春秋,东周平王姬宜臼,,平王四十六年,,
公元前七百二十四年,-724,丁巳,蛇,周朝,东周,春秋,东周平王姬宜臼,,平王四十七年,,
公元前七百二十三年,-723,戊午,马,周朝,东周,春秋,东周平王姬宜臼,,平王四十八年,,
公元前七百二十二年,-722,己未,羊,周朝,东周,春秋,东周平王姬宜臼,,平王四十九年,,
公元前七百二十一年,-721,庚申,猴,周朝,东周,春秋,东周平王姬宜臼,,平王五十年,,
公元前七百二十年,-720,辛酉,鸡,周朝,东周,春秋,东周平王姬宜臼,,平王五十一年,,
公元前七百一十九年,-719,壬戌,狗,周朝,东周,春秋,东周桓王姬林,,桓王元年,,
公元前七百一十八年,-718,癸亥,猪,周朝,东周,春秋,东周桓王姬林,,桓王二年,,
公元前七百一十七年,-717,甲子,鼠,周朝,东周,春秋,东周桓王姬林,,桓王三年,,
公元前七百一十六年,-716,乙丑,牛,周朝,东周,春秋,东周桓王姬林,,桓王四年,,
公元前七百一十五年,-715,丙寅,虎,周朝,东周,春秋,东周桓王姬林,,桓王五年,,
公元前七百一十四年,-714,丁卯,兔,周朝,东周,春秋,东周桓王姬林,,桓王六年,,
公元前七百一十三年,-713,戊辰,龙,周朝,东周,春秋,东周桓王姬林,,桓王七年,,
公元前七百一十二年,-712,己巳,蛇,周朝,东周,春秋,东周桓王姬林,,桓王八年,,
公元前七百一十一年,-711,庚午,马,周朝,东周,春秋,东周桓王姬林,,桓王九年,,
公元前七百一十年,-710,辛未,羊,周朝,东周,春秋,东周桓王姬林,,桓王十年,,
公元前七百零九年,-709,壬申,猴,周朝,东周,春秋,东周桓王姬林,,桓王十一年,,
公元前七百零八年,-708,癸酉,鸡,周朝,东周,春秋,东周桓王姬林,,桓王十二年,,
公元前七百零七年,-707,甲戌,狗,周朝,东周,春秋,东周桓王姬林,,桓王十三年,,
公元前七百零六年,-706,乙亥,猪,周朝,东周,春秋,东周桓王姬林,,桓王十四年,,
公元前七百零五年,-705,丙子,鼠,周朝,东周,春秋,东周桓王姬林,,桓王十五年,,
公元前七百零四年,-704,丁丑,牛,周朝,东周,春秋,东周桓王姬林,,桓王十六年,,
公元前七百零三年,-703,戊寅,虎,周朝,东周,春秋,东周桓王姬林,,桓王十七年,,
公元前七百零二年,-702,己卯,兔,周朝,东周,春秋,东周桓王姬林,,桓王十八年,,
公元前七百零一年,-701,庚辰,龙,周朝,东周,春秋,东周桓王姬林,,桓王十九年,,
公元前七百年,-700,辛巳,蛇,周朝,东周,春秋,东周桓王姬林,,桓王二十年,,
公元前六百九十九年,-699,壬午,马,周朝,东周,春秋,东周桓王姬林,,桓王二十一年,,
公元前六百九十八年,-698,癸未,羊,周朝,东周,春秋,东周桓王姬林,,桓王二十二年,,
公元前六百九十七年,-697,甲申,猴,周朝,东周,春秋,东周桓王姬林,,桓王二十三年,,
公元前六百九十六年,-696,乙酉,鸡,周朝,东周,春秋,东周庄王姬佗,,庄王元年,,
公元前六百九十五年,-695,丙戌,狗,周朝,东周,春秋,东周庄王姬佗,,庄王二年,,
公元前六百九十四年,-694,丁亥,猪,周朝,东周,春秋,东周庄王姬佗,,庄王三年,,
公元前六百九十三年,-693,戊子,鼠,周朝,东周,春秋,东周庄王姬佗,,庄王四年,庄公元年,
公元前六百九十二年,-692,己丑,牛,周朝,东周,春秋,东周庄王姬佗,,庄王五年,庄公二年,
公元前六百九十一年,-691,庚寅,虎,周朝,东周,春秋,东周庄王姬佗,,庄王六年,庄公三年,
公元前六百九十年,-690,辛卯,兔,周朝,东周,春秋,东周庄王姬佗,,庄王七年,庄公四年,
公元前六百八十九年,-689,壬辰,龙,周朝,东周,春秋,东周庄王姬佗,,庄王八年,庄公五年,
公元前六百八十八年,-688,癸巳,蛇,周朝,东周,春秋,东周庄王姬佗,,庄王九年,庄公六年,
公元前六百八十七年,-687,甲午,马,周朝,东周,春秋,东周庄王姬佗,,庄王十年,庄公七年,
公元前六百八十六年,-686,乙未,羊,周朝,东周,春秋,东周庄王姬佗,,庄王十一年,庄公八年,
公元前六百八十五年,-685,丙申,猴,周朝,东周,春秋,东周庄王姬佗,,庄王十二年,庄公九年,
公元前六百八十四年,-684,丁酉,鸡,周朝,东周,春秋,东周庄王姬佗,,庄王十三年,庄公十年,
公元前六百八十三年,-683,戊戌,狗,周朝,东周,春秋,东周庄王姬佗,,庄王十四年,庄公十一年,
公元前六百八十二年,-682,己亥,猪,周朝,东周,春秋,东周庄王姬佗,,庄王十五年,庄公十二年,
公元前六百八十一年,-681,庚子,鼠,周朝,东周,春秋,东周釐王姬胡齐,,釐王元年,庄公十三年,
公元前六百八十年,-680,辛丑,牛,周朝,东周,春秋,东周釐王姬胡齐,,釐王二年,庄公十四年,
公元前六百七十九年,-679,壬寅,虎,周朝,东周,春秋,东周釐王姬胡齐,,釐王三年,庄公十五年,
公元前六百七十八年,-678,癸卯,兔,周朝,东周,春秋,东周釐王姬胡齐,,釐王四年,庄公十六年,
公元前六百七十七年,-677,甲辰,龙,周朝,东周,春秋,东周釐王姬胡齐,,釐王五年,庄公十七年,
公元前六百七十六年,-676,乙巳,蛇,周朝,东周,春秋,东周惠王姬阆,,惠王元年,庄公十八年,献公元年
公元前六百七十五年,-675,丙午,马,周朝,东周,春秋,东周惠王姬阆,,惠王二年,庄公十九年,献公二年
公元前六百七十四年,-674,丁未,羊,周朝,东周,春秋,东周惠王姬阆,,惠王三年,庄公二十年,献公三年
公元前六百七十三年,-673,戊申,猴,周朝,东周,春秋,东周惠王姬阆,,惠王四年,庄公二十一年,献公四年
公元前六百七十二年,-672,己酉,鸡,周朝,东周,春秋,东周惠王姬阆,,惠王五年,庄公二十二年,献公五年
公元前六百七十一年,-671,庚戌,狗,周朝,东周,春秋,东周惠王姬阆,,惠王六年,庄公二十三年,献公六年
公元前六百七十年,-670,辛亥,猪,周朝,东周,春秋,东周惠王姬阆,,惠王七年,庄公二十四年,献公七年
公元前六百六十九年,-669,壬子,鼠,周朝,东周,春秋,东周惠王姬阆,,惠王八年,庄公二十五年,献公八年
公元前六百六十八年,-668,癸丑,牛,周朝,东周,春秋,东周惠王姬阆,,惠王九年,庄公二十六年,献公九年
公元前六百六十七年,-667,甲寅,虎,周朝,东周,春秋,东周惠王姬阆,,惠王十年,献公十年,
公元前六百六十六年,-666,乙卯,兔,周朝,东周,春秋,东周惠王姬阆,,惠王十一年,献公十一年,
公元前六百六十五年,-665,丙辰,龙,周朝,东周,春秋,东周惠王姬阆,,惠王十二年,献公十二年,
公元前六百六十四年,-664,丁巳,蛇,周朝,东周,春秋,东周惠王姬阆,,惠王十三年,献公十三年,
公元前六百六十三年,-663,戊午,马,周朝,东周,春秋,东周惠王姬阆,,惠王十四年,献公十四年,
公元前六百六十二年,-662,己未,羊,周朝,东周,春秋,东周惠王姬阆,,惠王十五年,献公十五年,
公元前六百六十一年,-661,庚申,猴,周朝,东周,春秋,东周惠王姬阆,,惠王十六年,献公十六年,
公元前六百六十年,-660,辛酉,鸡,周朝,东周,春秋,东周惠王姬阆,,惠王十七年,献公十七年,
公元前六百五十九年,-659,壬戌,狗,周朝,东周,春秋,东周惠王姬阆,,惠王十八年,献公十八年,
公元前六百五十八年,-658,癸亥,猪,周朝,东周,春秋,东周惠王姬阆,,惠王十九年,献公十九年,
公元前六百五十七年,-657,甲子,鼠,周朝,东周,春秋,东周惠王姬阆,,惠王二十年,,
公元前六百五十六年,-656,乙丑,牛,周朝,东周,春秋,东周惠王姬阆,,惠王二十一年,,
公元前六百五十五年,-655,丙寅,虎,周朝,东周,春秋,东周惠王姬阆,,惠王二十二年,,
公元前六百五十四年,-654,丁卯,兔,周朝,东周,春秋,东周惠王姬阆,,惠王二十三年,,
公元前六百五十三年,-653,戊辰,龙,周朝,东周,春秋,东周惠王姬阆,,惠王二十四年,,
公元前六百五十二年,-652,己巳,蛇,周朝,东周,春秋,东周惠王姬阆,,惠王二十五年,,
公元前六百五十一年,-651,庚午,马,周朝,东周,春秋,东周襄王姬郑,,襄王元年,,
公元前六百五十年,-650,辛未,羊,周朝,东周,春秋,东周襄王姬郑,,襄王二年,,
公元前六百四十九年,-649,壬申,猴,周朝,东周,春秋,东周襄王姬郑,,襄王三年,,
公元前六百四十八年,-648,癸酉,鸡,周朝,东周,春秋,东周襄王姬郑,,襄王四年,,
公元前六百四十七年,-647,甲戌,狗,周朝,东周,春秋,东周襄王姬郑,,襄王五年,,
